movie,year,imdb,metascore,votes,us_grossMillions,timeMin
Dune,2021,8.2,74,329884,71,155
Shang-Chi and the Legend of the Ten Rings,2021,7.7,71,186254,,132
Jai Bhim,2021,9.6,,118773,,164
Harry Potter and the Sorcerer's Stone,2001,7.6,65,708251,317.58,152
The Shawshank Redemption,1994,9.3,80,2490757,28.34,142
Interstellar,2014,8.6,74,1640700,188.02,169
Home Alone,1990,7.6,63,513213,285.76,103
Blade Runner 2049,2017,8.0,81,513865,92.05,164
Knives Out,2019,7.9,82,548590,165.36,130
Casino Royale,2006,8.0,80,625865,167.45,144
The Godfather,1972,9.2,100,1718532,134.97,175
Avengers: Endgame,2019,8.4,78,961015,858.37,181
Once Upon a Time... In Hollywood,2019,7.6,83,650952,142.5,161
Sardar Udham,2021,8.9,,28525,,164
Titanic,1997,7.8,75,1103530,659.33,194
Ghostbusters,1984,7.8,71,380358,238.63,105
V for Vendetta,2005,8.1,62,1074824,70.51,132
Skyfall,2012,7.8,81,668356,304.36,143
Joker,2019,8.4,59,1095122,335.45,122
1917,2019,8.3,78,505971,159.23,119
The Wolf of Wall Street,2013,8.2,75,1281873,116.9,180
The Matrix,1999,8.7,73,1777768,171.48,136
The Lord of the Rings: The Fellowship of the Ring,2001,8.8,92,1744564,315.54,178
Parasite,2019,8.6,96,682234,53.37,132
The Dark Knight,2008,9.0,84,2443049,534.86,152
Apocalypse Now,1979,8.4,94,634785,83.47,147
Saving Private Ryan,1998,8.6,91,1303518,216.54,169
Little Women,2019,7.8,91,171044,108.1,135
Zack Snyder's Justice League,2021,8.1,54,345889,,242
Halloween,1978,7.7,87,259113,47.0,91
Moneyball,2011,7.6,87,395705,75.61,133
Guardians of the Galaxy,2014,8.0,76,1103628,333.18,121
Fight Club,1999,8.8,66,1961234,37.03,139
Inception,2010,8.8,74,2192222,292.58,148
Call Me by Your Name,2017,7.9,93,241627,18.1,132
Prisoners,2013,8.1,70,647668,61.0,153
Pulp Fiction,1994,8.9,94,1925068,107.93,154
Dunkirk,2017,7.8,94,603887,188.37,106
The Gentlemen,2019,7.8,51,287023,,113
Pride & Prejudice,2005,7.8,82,276204,38.41,129
American Psycho,2000,7.6,64,533651,15.07,101
Harry Potter and the Deathly Hallows: Part 2,2011,8.1,85,810453,381.01,130
Gladiator,2000,8.5,67,1411305,187.71,155
Harry Potter and the Goblet of Fire,2005,7.7,81,579731,290.01,157
Heat,1995,8.2,76,613809,67.44,170
Arrival,2016,7.9,81,646663,100.55,116
The Grand Budapest Hotel,2014,8.1,88,753475,59.1,99
Jojo Rabbit,2019,7.9,58,345170,0.35,108
Forrest Gump,1994,8.8,82,1924133,330.25,142
Léon: The Professional,1994,8.5,64,1091599,19.5,110
Deadpool 2,2018,7.7,66,525827,324.59,119
Avatar,2009,7.8,83,1163997,760.51,162
Avengers: Infinity War,2018,8.4,68,941180,678.82,149
Gone Girl,2014,8.1,79,918194,167.77,149
Dazed and Confused,1993,7.6,78,175287,7.99,102
L.A. Confidential,1997,8.2,90,555946,64.62,138
Django Unchained,2012,8.4,81,1442047,162.81,165
Inglourious Basterds,2009,8.3,69,1346308,120.54,153
Goodfellas,1990,8.7,90,1079834,46.84,146
The Princess Bride,1987,8.1,77,411476,30.86,98
Star Wars: Episode IV - A New Hope,1977,8.6,90,1286006,322.74,121
Harry Potter and the Prisoner of Azkaban,2004,7.9,82,586024,249.36,142
Blade Runner,1982,8.1,84,728764,32.87,117
American Gangster,2007,7.8,76,409392,130.16,157
Back to the Future,1985,8.5,87,1122929,210.61,116
Jurassic Park,1993,8.1,68,916782,402.45,127
A Clockwork Orange,1971,8.3,77,791206,6.21,136
Alien,1979,8.4,89,830698,78.9,117
American Beauty,1999,8.3,84,1110479,130.1,122
The Prestige,2006,8.5,66,1255681,53.09,130
The Godfather: Part II,1974,9.0,90,1193279,57.3,202
No Country for Old Men,2007,8.1,91,909634,74.28,122
The Nightmare Before Christmas,1993,8.0,82,317585,75.08,76
Spider-Man: Into the Spider-Verse,2018,8.4,87,436946,190.24,117
Schindler's List,1993,8.9,94,1276708,96.9,195
The Father,2020,8.3,88,106480,,97
Wind River,2017,7.7,73,227783,33.8,107
The Shining,1980,8.4,66,954264,44.02,146
Good Will Hunting,1997,8.3,70,908598,138.43,126
Portrait of a Lady on Fire,2019,8.1,95,79424,3.76,122
Tombstone,1993,7.8,50,137564,56.51,130
Sicario,2015,7.6,82,401313,46.89,121
The Goonies,1985,7.8,62,258069,61.5,114
X-Men: First Class,2011,7.7,65,666403,146.41,131
Se7en,1995,8.6,65,1531704,100.13,127
Shutter Island,2010,8.2,63,1209539,128.01,138
Harry Potter and the Half-Blood Prince,2009,7.6,78,504512,301.96,153
The Thing,1982,8.1,57,397053,13.78,109
Thor: Ragnarok,2017,7.9,74,657092,315.06,130
The Departed,2006,8.5,85,1250521,132.38,151
Mad Max: Fury Road,2015,8.1,90,937063,154.06,120
Deadpool,2016,8.0,65,959066,363.07,108
Zodiac,2007,7.7,78,503452,33.08,157
Harry Potter and the Deathly Hallows: Part 1,2010,7.7,65,508005,295.98,146
The Fifth Element,1997,7.7,52,452488,63.54,126
Get Out,2017,7.7,85,538133,176.04,104
The Silence of the Lambs,1991,8.6,85,1343884,130.74,118
The Martian,2015,8.0,80,803034,228.43,144
Soorarai Pottru,2020,9.1,,99904,,153
Aliens,1986,8.3,84,683775,85.16,137
Mission: Impossible - Fallout,2018,7.7,86,310717,220.16,147
Coco,2017,8.4,81,441030,209.73,105
Die Hard,1988,8.2,72,826124,83.01,132
Hacksaw Ridge,2016,8.1,71,474394,67.21,139
Cast Away,2000,7.8,73,557866,233.63,143
Train to Busan,2016,7.6,72,194760,2.13,118
The Hangover,2009,7.7,73,748080,277.32,100
Bohemian Rhapsody,2018,7.9,49,494119,216.43,134
The Dark Knight Rises,2012,8.4,78,1591308,448.14,164
Pirates of the Caribbean: The Curse of the Black Pearl,2003,8.0,63,1050977,305.41,143
Blue Is the Warmest Colour,2013,7.7,89,145632,2.2,180
The Lord of the Rings: The Return of the King,2003,8.9,94,1723326,377.85,201
Iron Man,2008,7.9,79,992339,318.41,126
Fargo,1996,8.1,85,647571,24.61,98
The Revenant,2015,8.0,76,750459,183.64,156
Taxi Driver,1976,8.2,94,768378,28.26,114
Whiplash,2014,8.5,88,772730,13.09,106
Donnie Darko,2001,8.0,88,768718,1.48,113
The Girl with the Dragon Tattoo,2011,7.8,71,443685,102.52,158
Moonrise Kingdom,2012,7.8,84,334278,45.51,94
Guardians of the Galaxy Vol. 2,2017,7.6,67,618731,389.81,136
The Exorcist,1973,8.0,81,381093,232.91,122
Eternal Sunshine of the Spotless Mind,2004,8.3,89,955102,34.4,108
Catch Me If You Can,2002,8.1,75,897925,164.62,141
What We Do in the Shadows,2014,7.7,76,171272,3.33,86
The Big Short,2015,7.8,81,395373,70.26,130
Another Round,2020,7.8,79,117540,,117
Ex Machina,2014,7.7,78,507278,25.44,108
The Green Mile,1999,8.6,61,1213996,136.8,189
Logan,2017,8.1,77,696671,226.28,137
Once Upon a Time in America,1984,8.3,75,332540,5.32,229
Atonement,2007,7.8,85,264966,50.93,123
There Will Be Blood,2007,8.2,93,549899,40.22,158
The Avengers,2012,8.0,69,1317110,623.28,143
The Hobbit: An Unexpected Journey,2012,7.8,58,785202,303.0,169
12 Angry Men,1957,9.0,96,736360,4.36,96
The Irishman,2019,7.8,94,355975,7.0,209
Blue Velvet,1986,7.7,76,190567,8.55,120
Requiem for a Dream,2000,8.3,68,800782,3.64,102
Hamilton,2020,8.4,90,76501,,160
Scarface,1983,8.3,65,785207,45.6,170
Rogue One: A Star Wars Story,2016,7.8,65,585444,532.18,133
Full Metal Jacket,1987,8.3,76,706389,46.36,116
The Lord of the Rings: The Two Towers,2002,8.7,87,1557903,342.55,179
Boogie Nights,1997,7.9,85,252121,26.4,155
The Hateful Eight,2015,7.8,68,557208,54.12,168
Incendies,2010,8.3,80,164974,6.86,131
The Perks of Being a Wallflower,2012,7.9,67,485129,17.74,103
Oldboy,2003,8.4,77,546103,0.71,120
Fantastic Mr. Fox,2009,7.9,83,215493,21.0,87
Nightcrawler,2014,7.8,76,501685,32.38,117
One Flew Over the Cuckoo's Nest,1975,8.7,84,960349,112.0,133
Black Swan,2010,8.0,79,728817,106.95,108
"Three Billboards Outside Ebbing, Missouri",2017,8.1,88,471362,54.51,115
Star Wars: Episode VII - The Force Awakens,2015,7.8,80,890066,936.66,138
The Pianist,2002,8.5,85,777900,32.57,150
The Sandlot,1993,7.8,55,85485,32.42,101
The Usual Suspects,1995,8.5,77,1035579,23.34,106
Stand by Me,1986,8.1,75,382529,52.29,89
Moana,2016,7.6,81,301022,248.76,107
Kingsman: The Secret Service,2014,7.7,60,621882,128.26,129
Watchmen,2009,7.6,56,529244,107.51,162
"The Good, the Bad and the Ugly",1966,8.8,90,723150,6.1,178
True Romance,1993,7.9,59,218348,12.28,119
What's Eating Gilbert Grape,1993,7.7,73,226824,9.17,118
The Big Lebowski,1998,8.1,71,771356,17.5,117
La La Land,2016,8.0,94,543343,151.1,128
Memento,2000,8.4,80,1177249,25.54,113
Into the Wild,2007,8.1,73,598262,18.35,148
Soul,2020,8.1,83,285011,,100
Braveheart,1995,8.3,68,994199,75.6,178
Drive,2011,7.8,78,600124,35.06,100
Batman Begins,2005,8.2,70,1370785,206.85,140
Snatch,2000,8.3,55,817209,30.33,102
Terminator 2: Judgment Day,1991,8.5,75,1040803,204.84,137
Psycho,1960,8.5,97,636451,32.0,109
Spirited Away,2001,8.6,96,701717,10.06,125
Star Trek,2009,7.9,82,591949,257.73,127
Argo,2012,7.7,86,593754,136.03,120
Green Book,2018,8.2,69,434234,85.08,130
Spotlight,2015,8.1,93,446283,45.06,129
The Lion King,1994,8.5,88,991550,422.78,88
The Bourne Identity,2002,7.9,68,526851,121.66,119
The Breakfast Club,1985,7.8,66,375155,45.88,97
2001: A Space Odyssey,1968,8.3,84,634804,56.95,149
Sherlock Holmes,2009,7.6,57,606796,209.03,128
The Notebook,2004,7.8,53,544387,81.0,123
Captain America: Civil War,2016,7.8,75,717453,408.08,147
The Social Network,2010,7.7,95,660204,96.96,120
300,2006,7.6,52,761179,210.61,117
"Lock, Stock and Two Smoking Barrels",1998,8.2,66,558575,3.9,107
Stardust,2007,7.6,66,264399,38.63,127
Almost Famous,2000,7.9,90,266497,32.53,122
Black Hawk Down,2001,7.7,74,379762,108.64,144
Kill Bill: Vol. 1,2003,8.1,69,1054661,70.1,111
Captain America: The Winter Soldier,2014,7.7,70,785270,259.77,136
Office Space,1999,7.7,68,253924,10.82,89
The Sound of Music,1965,8.0,63,217441,163.21,172
The Imitation Game,2014,8.0,71,723925,91.13,114
Life Is Beautiful,1997,8.6,59,657369,57.6,116
Pan's Labyrinth,2006,8.2,98,642561,37.63,118
The Last of the Mohicans,1992,7.7,76,160916,75.51,112
Silver Linings Playbook,2012,7.7,81,684231,132.09,122
The Handmaiden,2016,8.1,84,130459,2.01,145
About Time,2013,7.8,55,325866,15.32,123
Dead Poets Society,1989,8.1,79,453652,95.86,128
Zootopia,2016,8.0,78,462961,341.27,108
Star Wars: Episode V - The Empire Strikes Back,1980,8.7,82,1214236,290.48,124
Her,2013,8.0,91,572757,25.57,126
Apocalypto,2006,7.8,68,301552,50.87,139
Reservoir Dogs,1992,8.3,79,965167,2.83,99
The Royal Tenenbaums,2001,7.6,76,278943,52.36,110
The Hunt,2012,8.3,77,306981,0.69,115
The Incredibles,2004,8.0,90,685739,261.44,115
Sin City,2005,8.0,74,752087,74.1,124
The Truman Show,1998,8.1,90,998797,125.62,103
Brokeback Mountain,2005,7.7,87,340910,83.04,134
Edward Scissorhands,1990,7.9,74,465922,56.36,105
Jaws,1975,8.0,87,568768,260.0,124
The Terminator,1984,8.0,84,824514,38.4,107
A Beautiful Mind,2001,8.2,72,887308,170.74,135
Indiana Jones and the Raiders of the Lost Ark,1981,8.4,85,922706,248.16,115
Training Day,2001,7.7,69,412803,76.63,122
A Star Is Born,2018,7.6,88,359290,215.29,136
Mulholland Drive,2001,7.9,85,339972,7.22,147
The Intouchables,2011,8.5,57,804005,13.18,112
Star Wars: Episode VI - Return of the Jedi,1983,8.3,58,993367,309.13,131
Ford v Ferrari,2019,8.1,81,342214,117.62,152
Apollo 13,1995,7.6,77,282745,173.84,140
Children of Men,2006,7.9,84,482309,35.55,109
Man on Fire,2004,7.7,47,347743,77.91,146
It's a Wonderful Life,1946,8.6,89,425066,,130
Young Frankenstein,1974,8.0,80,152536,86.3,106
"Paris, Texas",1984,8.1,78,100318,2.18,145
Mary Poppins,1964,7.8,88,164650,102.27,139
American History X,1998,8.5,62,1073567,6.72,119
Ratatouille,2007,8.0,96,674916,206.45,111
City of God,2002,8.6,79,726125,7.56,130
Come and See,1985,8.3,,69497,,142
Marriage Story,2019,7.9,94,277697,2.0,137
Shershaah,2021,8.7,,107636,,135
Mystic River,2003,7.9,84,439771,90.14,138
The Best Years of Our Lives,1946,8.1,93,61344,23.65,170
The Trial of the Chicago 7,2020,7.8,76,161239,,129
Toy Story,1995,8.3,95,934183,191.8,81
Ferris Bueller's Day Off,1986,7.8,61,338364,70.14,103
Unforgiven,1992,8.2,85,394629,101.16,130
Hot Fuzz,2007,7.8,81,485270,23.64,121
Your Name.,2016,8.4,79,230318,5.02,106
Saw,2004,7.6,46,400871,56.0,103
E.T. the Extra-Terrestrial,1982,7.8,91,389914,435.11,115
Trainspotting,1996,8.1,83,659994,16.5,93
Isle of Dogs,2018,7.9,82,154348,32.02,101
Little Miss Sunshine,2006,7.8,80,457593,59.89,101
Predator,1987,7.8,45,390128,59.74,107
Toy Story 4,2019,7.7,84,226123,434.04,100
The Game,1997,7.7,61,372620,48.32,129
Casino,1995,8.2,73,491956,42.44,178
The Sixth Sense,1999,8.1,64,948096,293.51,107
Captain Fantastic,2016,7.9,72,207220,5.88,118
"Monsters, Inc.",2001,8.1,79,857256,289.92,92
Edge of Tomorrow,2014,7.9,71,637117,100.21,113
Ocean's Eleven,2001,7.7,74,543188,183.42,116
The Curious Case of Benjamin Button,2008,7.8,70,618723,127.51,166
Dallas Buyers Club,2013,8.0,79,464705,27.3,117
Rushmore,1998,7.7,86,177805,17.11,93
The Hobbit: The Desolation of Smaug,2013,7.8,66,626042,258.37,161
The Wizard of Oz,1939,8.0,92,381213,2.08,102
The Dirty Dozen,1967,7.7,73,70413,45.3,150
Rocky,1976,8.1,70,543991,117.24,120
Dark Waters,2019,7.6,73,75815,,126
Hell or High Water,2016,7.6,88,216356,26.86,102
Casablanca,1942,8.5,100,546371,1.02,102
The Blind Side,2009,7.6,53,310976,255.96,129
Tangled,2010,7.7,71,426462,200.82,100
The Deer Hunter,1978,8.1,86,326515,48.98,183
Amadeus,1984,8.3,88,384688,51.97,160
Minority Report,2002,7.6,80,529628,132.07,145
The Mitchells vs the Machines,2021,7.7,80,78931,,113
Coraline,2009,7.7,80,211911,75.29,100
For a Few Dollars More,1965,8.2,74,245357,15.0,132
Shaun of the Dead,2004,7.9,76,534815,13.54,99
Inside Out,2015,8.1,94,660299,356.46,95
Boyz n the Hood,1991,7.8,76,134140,57.5,112
Sound of Metal,2019,7.8,82,108905,,120
The Help,2011,8.0,62,441378,169.71,146
My Cousin Vinny,1992,7.6,68,115878,52.93,120
Empire of the Sun,1987,7.7,62,121044,22.24,153
Room,2015,8.1,86,396050,14.68,118
X-Men: Days of Future Past,2014,7.9,75,683308,233.92,132
Howl's Moving Castle,2004,8.2,80,362066,4.71,119
Star Trek Into Darkness,2013,7.7,72,473854,228.78,132
Platoon,1986,8.1,92,397579,138.53,120
Willy Wonka & the Chocolate Factory,1971,7.8,67,190084,4.0,100
A Few Good Men,1992,7.7,62,249239,141.34,138
Birdman or (The Unexpected Virtue of Ignorance),2014,7.7,87,604745,42.34,119
Paths of Glory,1957,8.4,90,188584,,88
The Machinist,2004,7.7,61,373313,1.08,101
Dances with Wolves,1990,8.0,72,251984,184.21,181
Memories of Murder,2003,8.1,82,162246,0.01,132
Shrek,2001,7.9,84,642654,267.67,90
Taken,2008,7.8,51,583457,145.0,90
Blazing Saddles,1974,7.7,73,132763,119.5,93
Close Encounters of the Third Kind,1977,7.6,90,193421,132.09,138
Up,2009,8.2,88,983043,293.0,96
The Untouchables,1987,7.9,79,296772,76.27,119
12 Years a Slave,2013,8.1,96,669126,56.67,134
The Thin Red Line,1998,7.6,78,181373,36.4,170
Aladdin,1992,8.0,86,389492,217.35,90
The Great Escape,1963,8.2,86,235176,12.1,172
True Grit,2010,7.6,80,325379,171.24,110
Midnight in Paris,2011,7.7,81,405579,56.82,94
Rush,2013,8.1,74,456054,26.95,123
Manchester by the Sea,2016,7.8,96,264125,47.7,137
The Pursuit of Happyness,2006,8.0,64,477769,163.57,117
Rain Man,1988,8.0,65,492700,178.8,133
Airplane!,1980,7.7,78,226231,83.4,88
Lost in Translation,2003,7.7,89,435579,44.59,102
Magnolia,1999,8.0,77,301331,22.46,188
Klaus,2019,8.2,65,122315,,96
Remember the Titans,2000,7.8,48,206292,115.65,113
The Graduate,1967,8.0,83,264600,104.95,106
Once Upon a Time in the West,1968,8.5,80,316408,5.32,165
Wonder,2017,8.0,66,154435,132.42,113
Blood Diamond,2006,8.0,64,523042,57.37,143
Capernaum,2018,8.4,75,77694,1.66,126
Amélie,2001,8.3,69,728901,33.23,122
Finding Nemo,2003,8.1,90,990429,380.84,100
The Boy in the Striped Pajamas,2008,7.8,55,204124,9.03,94
Warrior,2011,8.1,71,452530,13.66,140
500 Days of Summer,2009,7.7,76,491303,32.39,95
WALL·E,2008,8.4,95,1050512,223.81,98
As Good as It Gets,1997,7.7,67,288979,148.48,139
Big Fish,2003,8.0,58,429158,66.26,125
3 Idiots,2009,8.4,67,371236,6.53,170
Rear Window,1954,8.5,100,469001,36.76,112
The Blues Brothers,1980,7.9,60,191392,57.23,133
Vertigo,1958,8.3,100,385159,3.2,128
Battle Royale,2000,7.6,81,177493,,114
The Lives of Others,2006,8.4,89,375084,11.29,137
Road to Perdition,2002,7.7,72,258567,104.45,117
Primal Fear,1996,7.7,47,202128,56.12,129
12 Monkeys,1995,8.0,74,598693,57.14,129
Crash,2004,7.7,66,428525,54.58,112
Demon Slayer: Mugen Train,2020,8.3,75,39847,47.7,117
Hidden Figures,2016,7.8,74,214105,169.61,127
Chinatown,1974,8.2,92,311617,8.49,130
Before Sunrise,1995,8.1,77,289354,5.54,101
Rosemary's Baby,1968,8.0,96,205785,,137
Mr. Nobody,2009,7.8,63,225567,0.0,141
The Butterfly Effect,2004,7.6,30,469544,57.94,113
A Christmas Story,1983,7.9,77,137505,20.61,93
Dr. Strangelove or: How I Learned to Stop Worrying and Love the Bomb,1964,8.4,97,470359,0.28,95
Goldfinger,1964,7.7,87,182909,51.08,110
Groundhog Day,1993,8.0,72,598513,70.91,101
Seven Samurai,1954,8.6,98,331245,0.27,207
Lawrence of Arabia,1962,8.3,100,281304,44.82,228
Downfall,2004,8.2,82,343504,5.51,156
Gone Baby Gone,2007,7.6,72,263941,20.3,114
Scent of a Woman,1992,8.0,59,280867,63.9,156
The Invisible Guest,2016,8.1,,162934,,106
Bonnie and Clyde,1967,7.8,86,108765,,111
Despicable Me,2010,7.6,72,520331,251.51,95
Gravity,2013,7.7,96,796108,274.09,91
Just Mercy,2019,7.6,68,58154,,137
I Saw the Devil,2010,7.8,67,121462,0.13,144
Back to the Future Part II,1989,7.8,57,505064,118.5,108
Gran Torino,2008,8.1,72,746475,148.1,116
Big Hero 6,2014,7.8,74,433061,222.53,102
The Bourne Supremacy,2004,7.7,73,448607,176.24,108
Cowboy Bebop: The Movie,2001,7.9,61,45767,1.0,115
Inside Man,2006,7.6,76,356121,88.51,129
Deliverance,1972,7.7,80,104117,7.06,109
Million Dollar Baby,2004,8.1,86,661545,100.49,132
When Harry Met Sally...,1989,7.6,76,207223,92.82,95
Gone with the Wind,1939,8.1,97,303136,198.68,238
Zombieland,2009,7.6,73,546729,75.59,88
Citizen Kane,1941,8.3,100,425106,1.59,119
Y tu mamá también,2001,7.6,88,119856,13.62,106
Indiana Jones and the Last Crusade,1989,8.2,65,721773,197.17,127
Incredibles 2,2018,7.6,80,272190,608.58,118
In Bruges,2008,7.9,67,405572,7.76,107
Beauty and the Beast,1991,8.0,95,430383,218.97,84
Awakenings,1990,7.8,74,134158,52.1,121
Serenity,2005,7.8,74,290190,25.51,119
Breakfast at Tiffany's,1961,7.6,76,173747,,115
In the Mood for Love,2000,8.1,85,138550,2.73,98
Naked,1993,7.8,84,37439,1.77,131
Kill Bill: Vol. 2,2004,8.0,83,719081,66.21,137
Monty Python and the Holy Grail,1975,8.2,91,520709,1.23,91
District 9,2009,7.9,81,658544,115.65,112
The Boondock Saints,1999,7.7,44,233804,0.03,108
Misery,1990,7.8,75,197280,61.28,107
"Crouching Tiger, Hidden Dragon",2000,7.8,94,261912,128.08,120
The Holy Mountain,1973,7.9,76,40492,0.06,114
The Lego Movie,2014,7.7,83,337161,257.76,100
The Others,2001,7.6,74,353164,96.52,104
Dirty Harry,1971,7.7,87,150333,35.9,102
Gifted,2017,7.6,60,108846,24.8,101
Princess Mononoke,1997,8.4,76,368487,2.38,134
The Theory of Everything,2014,7.7,71,427123,35.89,123
The Girl with the Dragon Tattoo,2009,7.8,76,213233,10.1,152
The Seventh Seal,1957,8.2,88,176953,,96
3:10 to Yuma,2007,7.7,76,299724,53.61,122
Walk the Line,2005,7.8,72,242837,119.52,136
How to Train Your Dragon,2010,8.1,75,698721,217.58,98
Lethal Weapon,1987,7.6,68,247634,65.21,109
The Last Samurai,2003,7.7,55,418392,111.11,154
The Count of Monte Cristo,2002,7.7,61,133824,54.23,131
Slumdog Millionaire,2008,8.0,84,821151,141.32,120
Metropolis,1927,8.3,98,167936,1.24,153
Who Framed Roger Rabbit,1988,7.7,83,192099,156.45,104
Where Eagles Dare,1968,7.6,63,56085,,158
Sense and Sensibility,1995,7.7,84,110209,43.18,136
Wreck-It Ralph,2012,7.7,72,399193,189.42,101
Toy Story 3,2010,8.2,92,791608,415.0,103
The Fault in Our Stars,2014,7.7,69,359641,124.87,126
The Fighter,2010,7.8,79,353269,93.62,116
The Bourne Ultimatum,2007,8.0,85,618658,227.47,115
Do the Right Thing,1989,8.0,93,97315,27.55,120
Moon,2009,7.8,67,347325,5.01,97
Mulan,1998,7.6,71,270893,120.62,88
Das Boot,1981,8.3,86,242066,11.49,149
Gattaca,1997,7.8,64,291713,12.34,106
Grave of the Fireflies,1988,8.5,94,255697,,89
Rebel Without a Cause,1955,7.7,89,87406,,111
The Fugitive,1993,7.8,87,281161,183.88,130
Stalker,1979,8.1,,127491,0.23,162
First Blood,1982,7.7,61,239854,47.21,93
The Last Picture Show,1971,8.0,93,45379,29.13,118
Carlito's Way,1993,7.9,65,209916,36.95,144
"O Brother, Where Art Thou?",2000,7.7,69,299792,45.51,107
The Sting,1973,8.3,83,252031,159.6,129
Toy Story 2,1999,7.9,88,552038,245.85,92
Straight Outta Compton,2015,7.8,72,190317,161.2,147
Lion,2016,8.0,69,226098,51.74,118
Fiddler on the Roof,1971,8.0,67,41700,80.5,181
Hunt for the Wilderpeople,2016,7.9,81,121914,5.2,101
A Fistful of Dollars,1964,8.0,65,208384,14.5,99
Creed,2015,7.6,82,260518,109.77,133
Life of Pi,2012,7.9,79,603738,124.99,127
The Birds,1963,7.7,90,181106,11.4,119
The King's Speech,2010,8.0,88,659359,138.8,118
Raging Bull,1980,8.2,89,337882,23.38,129
The Florida Project,2017,7.6,92,104881,5.9,111
White Heat,1949,8.1,,31739,,114
The Elephant Man,1980,8.1,78,232028,,124
Cinema Paradiso,1988,8.5,80,247441,11.99,155
Brazil,1985,7.9,84,195711,9.93,132
North by Northwest,1959,8.3,98,314339,13.28,136
Barry Lyndon,1975,8.1,89,159677,,185
Dark City,1998,7.6,66,194629,14.38,100
Captain Phillips,2013,7.8,82,440631,107.1,134
Papillon,1973,8.0,58,126925,53.27,151
Singin' in the Rain,1952,8.3,99,230366,8.82,103
To Kill a Mockingbird,1962,8.3,88,305829,,129
Dangal,2016,8.4,,173651,12.39,161
A Bronx Tale,1993,7.8,80,135023,17.27,121
Some Like It Hot,1959,8.2,98,255938,25.0,121
Boyhood,2014,7.9,100,345827,25.38,165
Let the Right One In,2008,7.9,82,211479,2.12,114
The Fall,2006,7.9,64,110086,2.28,117
Changeling,2008,7.7,63,247874,35.74,141
A Silent Voice: The Movie,2016,8.2,78,65987,,130
Mad Max 2: The Road Warrior,1981,7.6,77,173806,12.47,96
The Magnificent Seven,1960,7.7,74,91906,4.91,128
This Is Spinal Tap,1984,7.9,92,135460,4.74,82
Out of the Past,1947,8.0,,35358,,97
Planet of the Apes,1968,8.0,79,173266,33.4,112
Roma,2018,7.7,96,149768,,135
Eastern Promises,2007,7.6,82,235829,17.11,100
Akira,1988,8.0,,175732,0.55,124
The French Connection,1971,7.7,94,116832,15.63,104
Perfect Blue,1997,8.0,,67153,0.78,81
Searching,2018,7.6,71,153925,26.02,102
Sunset Blvd.,1950,8.4,,212685,,110
JFK,1991,8.0,72,149382,70.41,189
The Outlaw Josey Wales,1976,7.8,69,70485,31.8,135
Lucky Number Slevin,2006,7.7,53,306901,22.49,110
Lost Highway,1997,7.6,52,137214,3.8,134
End of Watch,2012,7.6,68,237324,41.0,109
My Neighbor Totoro,1988,8.2,86,314323,1.11,86
Chungking Express,1994,8.1,78,72998,0.6,102
Rio Bravo,1959,8.0,93,59600,12.54,141
Spartacus,1960,7.9,87,130543,30.0,197
Fried Green Tomatoes,1991,7.7,64,71343,82.42,130
La Haine,1995,8.1,,161874,0.31,98
Ben-Hur,1959,8.1,90,229889,74.7,212
Midnight Cowboy,1969,7.8,79,107165,44.79,113
Fanny and Alexander,1982,8.1,100,61353,4.97,188
Billy Elliot,2000,7.7,74,131207,22.0,110
Philadelphia,1993,7.7,66,233352,77.32,125
Flipped,2010,7.7,45,87031,1.75,90
The Conversation,1974,7.8,85,106571,4.42,113
Monty Python's Life of Brian,1979,8.1,77,383929,20.05,94
The Naked Gun: From the Files of Police Squad!,1988,7.6,76,161519,78.76,85
After Hours,1985,7.7,90,65401,10.6,97
Dogville,2003,8.0,60,144222,1.53,178
The Ten Commandments,1956,7.9,,67565,93.74,220
Before Midnight,2013,7.9,94,149896,8.11,109
The Skin I Live In,2011,7.6,70,146441,3.19,120
Before Sunset,2004,8.1,90,249892,5.82,80
Hero,2002,7.9,85,178203,53.71,120
Dog Day Afternoon,1975,8.0,86,247301,50.0,125
Kung Fu Hustle,2004,7.7,78,133839,17.11,99
Seven Pounds,2008,7.6,36,295153,69.95,123
Hachi: A Dog's Tale,2009,8.1,,268788,,93
Butch Cassidy and the Sundance Kid,1969,8.0,66,210000,102.31,110
M,1931,8.3,,151703,0.03,99
The Wrestler,2008,7.9,80,298046,26.24,109
The Secret in Their Eyes,2009,8.2,80,202242,6.39,129
Sling Blade,1996,8.0,84,91701,24.48,135
The Jungle Book,1967,7.6,65,173822,141.84,78
Glory,1989,7.8,78,130528,26.83,122
The Iron Giant,1999,8.0,85,182200,23.16,86
The Best Offer,2013,7.8,49,114184,0.09,131
Fallen Angels,1995,7.7,71,33787,,99
Evil Dead II,1987,7.7,72,156220,5.92,84
Being John Malkovich,1999,7.7,90,324651,22.86,113
My Fair Lady,1964,7.8,95,91374,72.0,170
The Bridges of Madison County,1995,7.6,69,77769,71.52,135
Dawn of the Dead,1978,7.9,71,116872,5.1,127
Frankenstein,1931,7.8,91,69584,,70
Match Point,2005,7.6,72,212837,23.09,124
Night of the Living Dead,1968,7.9,89,123538,0.09,96
Wolfwalkers,2020,8.0,87,26688,,103
Gandhi,1982,8.0,79,224288,52.77,191
Charade,1963,7.9,83,73531,13.47,113
Annie Hall,1977,8.0,92,259070,39.2,93
This Is England,2006,7.7,86,119336,0.33,101
"Blood In, Blood Out",1993,8.0,47,30186,4.5,180
Donnie Brasco,1997,7.7,76,293104,41.91,127
Hara-Kiri,1962,8.6,85,50218,,133
The Raid: Redemption,2011,7.6,73,197951,4.11,101
Wild Tales,2014,8.1,77,188387,3.11,122
Beasts of No Nation,2015,7.7,79,78276,0.08,137
The Maltese Falcon,1941,8.0,97,154245,2.11,100
The Man from Earth,2007,7.9,,181794,,87
Solaris,1972,8.1,90,87446,,167
Short Term 12,2013,8.0,82,85507,1.01,96
The Color Purple,1985,7.8,78,82874,98.47,154
21 Grams,2003,7.6,70,231555,16.29,124
Ed Wood,1994,7.8,70,171532,5.89,127
Patton,1970,7.9,91,99156,61.7,172
Doctor Zhivago,1965,8.0,69,73246,111.72,197
In the Name of the Father,1993,8.1,84,167136,25.01,133
Detachment,2011,7.7,52,81349,0.07,98
The Apartment,1960,8.3,94,173409,18.6,125
Hotel Rwanda,2004,8.1,79,345225,23.53,121
Only the Brave,2017,7.6,72,64279,18.34,134
The Great Beauty,2013,7.8,86,85185,2.85,141
Paddington 2,2017,7.8,88,68691,40.44,103
Adaptation.,2002,7.7,83,186931,22.25,115
Once,2007,7.8,88,113992,9.44,86
Ghost in the Shell,1995,8.0,76,136803,0.52,83
Finding Neverland,2004,7.7,67,202914,51.68,106
Ordinary People,1980,7.7,86,49877,54.8,124
"Spring, Summer, Fall, Winter... and Spring",2003,8.0,85,80808,2.38,103
Persona,1966,8.1,86,111849,,83
50/50,2011,7.6,72,323366,35.01,100
The Name of the Rose,1986,7.7,54,105687,7.15,130
The Searchers,1956,7.9,94,85791,,119
Star Trek II: The Wrath of Khan,1982,7.7,67,117194,78.91,113
Mommy,2014,8.1,74,54352,3.49,139
Ip Man,2008,8.0,59,218107,,106
A Separation,2011,8.3,95,233628,7.1,123
Badlands,1973,7.8,93,70293,,94
Togo,2019,8.0,69,43879,,113
Nosferatu,1922,7.9,,93192,,94
Kiki's Delivery Service,1989,7.9,83,134609,,103
A Streetcar Named Desire,1951,8.0,97,104622,8.0,122
Network,1976,8.1,83,153283,,121
Rebecca,1940,8.1,86,131970,4.36,130
Tumbbad,2018,8.3,,38120,,104
Glengarry Glen Ross,1992,7.7,82,101454,10.73,100
I Am Sam,2001,7.6,28,147275,40.31,132
Nausicaä of the Valley of the Wind,1984,8.1,86,161401,0.5,117
The Insider,1999,7.8,84,166734,28.97,157
How to Train Your Dragon 2,2014,7.8,77,319010,177.0,102
Kramer vs. Kramer,1979,7.8,77,139826,106.26,105
All That Jazz,1979,7.9,72,30075,37.82,123
Malcolm X,1992,7.7,73,90974,48.17,202
Andhadhun,2018,8.2,,84406,1.37,139
Mississippi Burning,1988,7.8,65,95517,34.6,128
All the President's Men,1976,8.0,84,110277,70.6,138
The Third Man,1949,8.1,97,166126,0.45,93
Baahubali: The Beginning,2015,8.0,,109286,6.74,159
The Bridge on the River Kwai,1957,8.1,87,212431,44.91,161
Ponyo,2008,7.7,86,134527,15.09,101
Ran,1985,8.2,96,120323,4.14,162
Blood Simple,1984,7.6,83,92771,2.15,99
Cinderella Man,2005,8.0,69,182307,61.65,144
Witness for the Prosecution,1957,8.4,,117635,8.18,116
Hamlet,1996,7.7,,37264,4.41,242
The Bride of Frankenstein,1935,7.8,95,46519,4.36,75
Nebraska,2013,7.7,87,115703,17.65,115
Amores perros,2000,8.1,83,233176,5.38,154
The Remains of the Day,1993,7.8,86,70542,22.95,134
All Quiet on the Western Front,1930,8.1,91,59738,3.27,152
Castle in the Sky,1986,8.0,78,158677,,125
Guess Who's Coming to Dinner,1967,7.8,63,42438,56.7,108
The Artist,2011,7.9,89,236755,44.67,100
On the Waterfront,1954,8.1,91,149420,9.6,108
Happiness,1998,7.7,81,68648,2.81,134
A Little Princess,1995,7.7,83,33587,10.02,97
Cool Hand Luke,1967,8.1,92,171074,16.22,127
All About Eve,1950,8.2,98,126772,0.01,138
Sing Street,2016,7.9,79,89953,3.24,106
Miller's Crossing,1990,7.7,66,131566,5.08,115
Like Stars on Earth,2007,8.4,,182349,1.22,165
Me and Earl and the Dying Girl,2015,7.7,74,127894,6.74,105
The Last King of Scotland,2006,7.7,74,181777,17.61,123
Mother,2009,7.8,79,59384,0.55,129
8½,1963,8.0,91,114220,0.05,138
Infernal Affairs,2002,8.0,75,121847,0.17,101
Black Book,2006,7.7,71,75030,4.4,145
Kelly's Heroes,1970,7.6,50,47638,1.38,144
The Straight Story,1999,8.0,86,87566,6.2,112
Ray,2004,7.7,73,143599,75.33,152
The Longest Day,1962,7.8,75,54180,39.1,178
October Sky,1999,7.8,71,87525,32.48,108
Loving Vincent,2017,7.8,62,54831,6.74,94
Shoplifters,2018,7.9,93,70725,3.31,121
God's Own Country,2017,7.7,85,28451,0.34,104
Wings of Desire,1987,8.0,79,68464,3.33,128
Land of Mine,2015,7.8,75,38997,0.44,100
High Noon,1952,8.0,89,101323,9.45,85
Letters from Iwo Jima,2006,7.9,89,158887,13.76,141
Kubo and the Two Strings,2016,7.8,84,124155,48.02,101
The Wild Bunch,1969,7.9,97,82025,12.06,135
The Night of the Hunter,1955,8.0,99,86131,0.65,92
The King of Comedy,1982,7.8,73,97198,2.5,109
Clerks,1994,7.7,70,217206,3.15,92
Neon Genesis Evangelion: The End of Evangelion,1997,8.1,,47836,,87
Three Colors: Red,1994,8.1,100,99003,4.04,99
Enter the Dragon,1973,7.7,83,101403,25.0,102
Serpico,1973,7.7,87,117650,29.8,130
Paper Moon,1973,8.1,77,44945,30.93,102
Cabaret,1972,7.8,80,52350,42.77,124
Dancer in the Dark,2000,8.0,61,106532,4.18,140
The Wind Rises,2013,7.8,83,79898,5.21,126
Miracle on 34th Street,1947,7.9,88,44318,2.65,96
Roman Holiday,1953,8.0,78,134061,,118
Pink Floyd: The Wall,1982,8.0,47,78894,22.24,95
Gangs of Wasseypur,2012,8.2,89,90670,,321
Paprika,2006,7.7,81,77661,0.88,90
Happy Together,1997,7.7,70,26248,0.19,96
Arsenic and Old Lace,1943,8.0,,69002,,118
Z,1969,8.2,86,26308,0.08,127
Run Lola Run,1998,7.7,77,194551,7.27,80
Days of Heaven,1978,7.8,93,55949,,94
Belle de Jour,1967,7.7,,42694,0.03,100
In the Heat of the Night,1967,7.9,75,71321,24.38,110
Cape Fear,1962,7.7,76,28044,,106
Double Indemnity,1944,8.3,95,150962,5.72,107
Breathless,1960,7.8,,77878,0.34,90
The Last Emperor,1987,7.7,76,99237,43.98,163
Rashomon,1950,8.2,98,161330,0.1,88
Barton Fink,1991,7.7,69,117612,6.15,116
Three Colors: Blue,1993,7.9,85,97184,1.32,94
Victoria,2015,7.6,77,56336,,138
Laura,1944,8.0,,45272,4.36,88
The Right Stuff,1983,7.8,91,59798,21.5,193
Notorious,1946,8.0,100,97919,10.46,102
Uri: The Surgical Strike,2019,8.3,,53304,4.19,138
Dial M for Murder,1954,8.2,75,168056,0.01,105
Gaslight,1944,7.8,,26798,,114
Good Bye Lenin!,2003,7.7,68,142470,4.06,121
From Here to Eternity,1953,7.6,85,45515,30.5,118
The Raid 2,2014,8.0,71,119231,2.63,150
The Chaser,2008,7.8,64,62880,,125
The Body,2012,7.6,,62441,,112
Strangers on a Train,1951,8.0,88,130098,7.63,101
Being There,1979,8.0,83,70256,30.18,130
Pride,2014,7.8,79,54633,,119
Modern Times,1936,8.5,96,230444,0.16,87
The Big Sleep,1946,7.9,,83146,6.54,114
Le Samouraï,1967,8.1,,48882,0.04,101
Yojimbo,1961,8.2,93,118095,,110
Rope,1948,8.0,73,137213,,80
The Great Dictator,1940,8.4,,214613,0.29,125
Repulsion,1965,7.7,91,51619,,105
What Ever Happened to Baby Jane?,1962,8.1,75,53364,4.05,134
PK,2014,8.1,,173683,10.62,153
The Station Agent,2003,7.6,81,69211,5.74,89
The Sweet Life,1960,8.0,95,70384,19.52,174
The Double Life of Véronique,1991,7.8,86,45921,2.0,98
Who's Afraid of Virginia Woolf?,1966,8.0,75,73092,,131
My Left Foot,1989,7.9,97,71735,14.74,103
Perfect Strangers,2016,7.8,,61406,,96
Sabrina,1954,7.6,72,62504,,113
The Muppet Christmas Carol,1992,7.7,64,52315,27.28,85
The Day the Earth Stood Still,1951,7.7,,79963,,92
Mirror,1975,8.1,80,43909,0.18,107
Hedwig and the Angry Inch,2001,7.7,85,34708,3.03,95
The Man from Nowhere,2010,7.8,,66837,0.01,119
Fantasia,1940,7.7,96,92503,76.41,125
The Lion in Winter,1968,7.9,,30499,22.28,134
Wild Strawberries,1957,8.2,88,103015,,91
Zulu,1964,7.7,77,37963,,138
Control,2007,7.7,78,63739,0.87,122
Mary and Max,2009,8.1,,171575,,92
King Kong,1933,7.9,90,83013,10.0,100
The Celebration,1998,8.1,82,83939,1.65,105
It Happened One Night,1934,8.1,87,99541,4.36,105
The Philadelphia Story,1940,7.9,96,66680,,112
"South Park: Bigger, Longer & Uncut",1999,7.7,73,199129,52.04,81
The Killing,1956,8.0,91,86361,,84
East of Eden,1955,7.9,72,43882,,118
The Manchurian Candidate,1962,7.9,94,73831,,126
The African Queen,1951,7.8,91,76386,0.54,105
The Verdict,1982,7.7,77,38403,54.0,129
Philomena,2013,7.6,77,97611,37.71,98
Mysterious Skin,2004,7.6,73,67773,0.7,105
The Invisible Man,1933,7.7,87,33421,,71
Secrets & Lies,1996,8.0,91,41567,13.42,136
Freaks,1932,7.9,80,44667,,64
The Killing Fields,1984,7.8,76,54073,34.7,141
Hannah and Her Sisters,1986,7.9,90,69798,40.08,107
Harold and Maude,1971,7.9,62,75293,,91
The Cabinet of Dr. Caligari,1920,8.1,,61013,,67
Open Your Eyes,1997,7.7,,67692,0.37,119
Giant,1956,7.6,84,37273,,201
Rockstar,2011,7.7,,42360,0.99,159
The 400 Blows,1959,8.1,,112326,,99
Short Cuts,1993,7.7,79,43870,6.11,188
Bicycle Thieves,1948,8.3,,156871,0.33,89
The Treasure of the Sierra Madre,1948,8.2,98,120487,5.01,126
Withnail & I,1987,7.6,84,42484,1.54,107
The Quiet Man,1952,7.8,85,36956,10.55,129
Manhattan,1979,7.9,83,137017,45.7,96
City Lights,1931,8.5,99,177270,0.02,87
25th Hour,2002,7.6,68,175286,13.06,135
Tangerines,2013,8.2,73,44596,0.14,87
Whisper of the Heart,1995,7.9,75,57715,,111
All About My Mother,1999,7.9,87,93473,8.26,101
A Man Called Ove,2015,7.7,70,51369,3.36,116
Ikiru,1952,8.3,,74392,0.06,143
Sympathy for Mr. Vengeance,2002,7.6,56,66226,0.05,129
Amour,2012,7.9,94,97125,6.74,127
Raatchasan,2018,8.4,,36157,,170
Breaking the Waves,1996,7.8,76,65006,4.04,159
Interstate 60: Episodes of the Road,2002,7.7,,31455,,116
Fantastic Planet,1973,7.8,73,28605,0.19,72
The Day of the Jackal,1973,7.8,80,39462,16.06,143
The Hustler,1961,8.0,90,79713,8.28,134
Once Were Warriors,1994,7.9,77,32986,2.2,102
Dead Man's Shoes,2004,7.6,52,51956,0.01,90
Elite Squad,2007,8.0,33,101220,0.01,115
Miracle in Cell No. 7,2019,8.2,,43499,,132
The Man Who Shot Liberty Valance,1962,8.1,94,73122,,123
Touch of Evil,1958,8.0,99,101987,2.24,95
His Girl Friday,1940,7.9,,56499,0.3,92
Song of the Sea,2014,8.1,85,55771,0.86,93
Judgment at Nuremberg,1961,8.2,60,74239,,179
High and Low,1963,8.4,,40365,,143
Anatomy of a Murder,1959,8.0,95,63850,11.9,161
Talk to Her,2002,7.9,86,109271,9.28,112
Stagecoach,1939,7.9,93,46622,,96
"Duck, You Sucker!",1971,7.6,77,33336,0.7,138
The Diving Bell and the Butterfly,2007,8.0,92,105977,5.99,112
The White Ribbon,2009,7.8,82,71490,2.22,144
The Tenant,1976,7.6,71,42390,1.92,126
The Taking of Pelham One Two Three,1974,7.7,68,29273,2.49,104
"Aguirre, the Wrath of God",1972,7.9,,55170,,95
Watership Down,1978,7.6,64,35377,,91
The Adventures of Robin Hood,1938,7.9,97,49438,3.98,102
Mr. Smith Goes to Washington,1939,8.1,73,112044,9.6,129
The Grapes of Wrath,1940,8.1,96,89816,0.06,129
Leviathan,2014,7.6,92,51823,1.09,140
Peeping Tom,1960,7.7,,33777,0.08,101
Invasion of the Body Snatchers,1956,7.7,92,47728,,80
Eyes Without a Face,1960,7.7,90,30101,0.05,90
Waking Life,2001,7.8,83,62699,2.89,99
Underground,1995,8.1,79,57181,0.17,167
The Sacrifice,1986,8.0,,26855,0.3,149
The Wave,2008,7.6,,106295,,107
In a Lonely Place,1950,8.0,,29581,,94
Dersu Uzala,1975,8.3,,25869,,142
Zindagi Na Milegi Dobara,2011,8.2,,73519,3.11,155
Adam's Apples,2005,7.8,51,48686,0.0,94
Andrei Rublev,1966,8.1,,51336,0.1,205
The Legend of 1900,1998,8.1,58,61902,0.26,169
Children of Heaven,1997,8.3,77,71049,0.93,89
Pather Panchali,1955,8.4,,29279,0.54,125
3-Iron,2004,8.0,72,53366,0.24,88
Porco Rosso,1992,7.7,83,84071,,94
A Prophet,2009,7.9,90,96683,2.08,155
The Red Shoes,1948,8.1,,33283,10.9,135
Stalag 17,1953,8.0,84,54323,,120
Nashville,1975,7.7,96,25391,14.82,160
The Battle of Algiers,1966,8.1,96,57340,0.06,121
Autumn Sonata,1978,8.2,,31976,,99
The Umbrellas of Cherbourg,1964,7.8,86,25972,0.03,91
The Innocents,1961,7.8,88,29121,2.62,100
The Little Prince,2015,7.7,70,59718,1.34,108
The Shop Around the Corner,1940,8.1,96,30474,0.2,99
Night on Earth,1991,7.7,68,58375,2.02,129
Amarcord,1973,7.9,,42055,0.58,123
Drishyam,2015,8.2,,77351,0.74,163
The Motorcycle Diaries,2004,7.8,75,99489,16.76,126
Throne of Blood,1957,8.1,,50121,,110
Departures,2008,8.1,68,50671,1.5,130
A Man for All Seasons,1966,7.7,72,33470,28.35,120
Ivan's Childhood,1962,8.1,,34678,,95
When Marnie Was There,2014,7.7,72,36992,0.77,103
A Very Long Engagement,2004,7.6,76,72481,6.17,133
To Have and Have Not,1944,7.8,90,33180,,100
The Vanishing,1988,7.7,,37253,,107
The Salesman,2016,7.7,85,56838,2.4,124
The Tale of The Princess Kaguya,2013,8.0,89,43035,1.51,137
Gilda,1946,7.6,,31120,,110
The World's Fastest Indian,2005,7.8,68,53624,5.13,127
Scarface,1932,7.8,87,27010,,93
The Sea Inside,2004,8.0,74,80072,2.09,126
Fitzcarraldo,1982,8.1,,33629,,158
Super 30,2019,8.0,,27379,2.27,154
The Man Who Would Be King,1975,7.8,91,47415,,129
Joyeux Noel,2005,7.7,70,28833,1.05,116
The Thin Man,1934,8.0,86,28292,,91
Darbareye Elly,2009,8.0,87,50573,0.11,119
Dara of Jasenovac,2020,8.8,,79825,,130
Cat on a Hot Tin Roof,1958,8.0,84,47682,17.57,108
La Strada,1954,8.0,,61256,,108
Key Largo,1948,7.8,,39310,,100
Ayla: The Daughter of War,2017,8.4,,37392,,125
The Kid,1921,8.3,,121064,5.45,68
Shine,1996,7.7,87,53128,35.81,105
Tokyo Story,1953,8.2,,58262,,136
Vikram Vedha,2017,8.3,,34466,,147
Nostalghia,1983,8.1,,25668,0.01,125
Wait Until Dark,1967,7.8,81,29549,17.55,108
K.G.F: Chapter 1,2018,8.3,,48944,,156
"I, Daniel Blake",2016,7.9,78,57415,0.26,100
Persepolis,2007,8.0,90,92222,4.45,96
Frost/Nixon,2008,7.7,80,106164,18.59,122
Hard Boiled,1992,7.8,,48951,,128
Lilya 4-Ever,2002,7.8,82,44486,0.18,109
Evil,2003,7.8,61,36955,0.02,113
The Wages of Fear,1953,8.1,85,58632,,131
Diabolique,1955,8.1,,64345,1.09,117
The Odd Couple,1968,7.7,86,33730,44.53,105
Taste of Cherry,1997,7.8,80,27805,0.31,95
Sholay,1975,8.2,,53972,,162
Harvey,1950,7.9,,54337,,104
In Cold Blood,1967,7.9,89,25660,,134
The Conformist,1970,8.0,100,29141,0.54,113
Kal Ho Naa Ho,2003,7.9,54,66624,1.79,186
The Message,1976,8.2,,45969,,177
Red River,1948,7.8,,29946,,133
The Big Heat,1953,7.9,,25511,,89
The General,1926,8.1,,87503,1.03,67
Gully Boy,2019,7.9,65,36193,5.57,154
Article 15,2019,8.2,,28298,,130
Head-On,2004,7.9,78,53037,,121
Bajrangi Bhaijaan,2015,8.0,,81459,8.18,163
Bringing Up Baby,1938,7.9,91,59314,,102
Raise the Red Lantern,1991,8.1,,31413,2.6,125
Three Colors: White,1994,7.6,88,70174,1.46,92
Wolf Children,2012,8.1,71,42145,,117
Battleship Potemkin,1925,8.0,97,55938,0.05,66
Nobody Knows,2004,8.1,88,26579,0.68,141
Nights of Cabiria,1957,8.1,,46600,0.75,110
Drishyam 2,2021,8.6,,31712,,152
Winter Sleep,2014,8.1,88,49826,0.17,196
My Name Is Khan,2010,8.0,50,103197,4.02,165
Cries & Whispers,1972,8.1,,32660,1.74,91
Badla,2019,7.8,,25874,1.86,118
The Chorus,2004,7.9,56,59879,3.64,97
Tokyo Godfathers,2003,7.8,73,34859,0.13,92
The Asphalt Jungle,1950,7.9,,25661,,112
To Be or Not to Be,1942,8.2,86,34268,,99
Sleuth,1972,8.0,,46677,4.08,138
The Hidden Fortress,1958,8.1,89,37537,,126
The Experiment,2001,7.7,60,92635,0.14,120
My Sassy Girl,2001,8.0,,47032,,137
Ace in the Hole,1951,8.1,72,34226,3.97,111
The Virgin Spring,1960,8.1,,28233,1.53,89
The Discreet Charm of the Bourgeoisie,1972,7.9,93,41330,0.2,102
Kagemusha,1980,8.0,84,34433,,162
Loveless,2017,7.6,86,31916,0.57,127
Ninja Scroll,1993,7.9,,36200,,94
Down by Law,1986,7.7,75,50191,1.44,107
The 39 Steps,1935,7.6,93,54908,,86
Sweet Smell of Success,1957,8.0,100,30352,,96
Crimes and Misdemeanors,1989,7.9,77,56737,18.25,104
Shadow of a Doubt,1943,7.8,94,63050,,108
Au Revoir les Enfants,1987,8.0,88,32796,4.54,104
Baahubali 2: The Conclusion,2017,8.2,,81942,20.19,167
Farewell My Concubine,1993,8.1,83,26985,5.22,171
Lagaan: Once Upon a Time in India,2001,8.1,84,109874,0.07,224
Raazi,2018,7.8,,28374,,138
The Caine Mutiny,1954,7.7,63,26874,21.75,124
The Passion of Joan of Arc,1928,8.1,,51916,0.02,114
Batman: Mask of the Phantasm,1993,7.8,,47043,5.62,76
The Ladykillers,1955,7.7,91,28342,,91
The Broken Circle Breakdown,2012,7.7,70,40505,0.18,111
The Secret of Kells,2009,7.6,81,34088,0.69,75
Badhaai Ho,2018,8.0,,31623,,124
Jules and Jim,1962,7.8,97,39891,,105
The Lunchbox,2013,7.8,76,53730,4.23,104
Brief Encounter,1945,8.0,92,38408,,86
Masaan,2015,8.2,,26345,,109
The Return,2003,8.0,82,44454,0.5,110
Dilwale Dulhania Le Jayenge,1995,8.1,,66828,,181
Hiroshima Mon Amour,1959,7.9,,30418,0.09,90
Vivre Sa Vie,1962,8.0,,30279,,85
"Black Cat, White Cat",1998,8.1,73,52602,0.35,127
The Bandit,1996,8.2,,68167,,128
Inherit the Wind,1960,8.1,75,29194,,128
The Lady Vanishes,1938,7.8,98,50543,,96
M.S. Dhoni: The Untold Story,2016,7.9,,48815,1.78,184
Celda 211,2009,7.6,,66085,,113
Millennium Actress,2001,7.9,70,25966,0.19,87
Sunrise,1927,8.1,,49847,0.54,94
Pink,2016,8.1,,42879,1.24,136
Rififi,1955,8.1,97,32905,0.06,118
After the Wedding,2006,7.7,78,33742,0.41,120
The Gold Rush,1925,8.2,,107191,5.45,95
Confessions,2010,7.7,,37686,,106
My Father and My Son,2005,8.2,,83656,,112
"4 Months, 3 Weeks and 2 Days",2007,7.9,97,58754,1.19,113
Lifeboat,1944,7.6,78,27944,,97
Vampire Hunter D: Bloodlust,2000,7.7,62,30792,0.15,103
Chhichhore,2019,8.3,,45470,0.9,143
Swades,2004,8.2,,87477,1.22,189
Hera Pheri,2000,8.2,,62781,,156
In a Better World,2010,7.6,65,39502,1.01,118
The Triplets of Belleville,2003,7.8,91,53384,7.0,80
Once Upon a Time in Anatolia,2011,7.9,82,44808,0.14,157
Talvar,2015,8.2,,33635,0.34,132
Joint Security Area,2000,7.8,58,28621,,110
Sullivan's Travels,1941,7.9,,25530,,90
Time of the Gypsies,1988,8.2,,29682,0.28,142
Rang De Basanti,2006,8.1,,116890,2.2,167
No Man's Land,2001,7.9,84,46200,1.06,98
The Postman,1994,7.7,81,35317,21.85,108
Queen,2013,8.2,,63983,1.43,146
The Girl Who Leapt Through Time,2006,7.7,,63614,,98
The Exterminating Angel,1962,8.1,,32069,,95
L'Avventura,1960,7.9,,28399,,144
Only Yesterday,1991,7.6,90,29953,0.45,118
Elite Squad 2: The Enemy Within,2010,8.0,71,81415,0.1,115
The Past,2013,7.7,85,47611,1.33,130
Kahaani,2012,8.1,,60741,1.04,122
The Purple Rose of Cairo,1985,7.7,75,50256,10.63,82
The Killer,1989,7.8,82,47309,,111
Dreams,1990,7.8,,25450,1.96,119
Baby,2015,8.0,,55810,,159
Lupin III: The Castle of Cagliostro,1979,7.6,72,29267,,102
The Lost Weekend,1945,7.9,,35623,9.46,101
The Rules of the Game,1939,8.0,,28115,,110
Duck Soup,1933,7.8,93,58964,,69
Veer Zaara,2004,7.8,67,51308,2.92,192
In America,2002,7.7,76,42557,15.54,105
Beauty and the Beast,1946,7.9,92,25664,0.3,93
Nine Queens,2000,7.9,80,51600,1.22,114
The Magdalene Sisters,2002,7.7,83,26788,4.89,114
Love and Death,1975,7.7,89,37637,,85
Fireworks,1997,7.8,,29472,0.23,103
Special 26,2013,8.0,,54148,1.08,144
Kind Hearts and Coronets,1949,8.0,,36291,,106
Central Station,1998,8.0,80,38407,5.6,110
Sherlock Jr.,1924,8.2,,46544,0.98,45
Le Dîner de Cons,1998,7.7,73,40280,4.07,80
Dil Chahta Hai,2001,8.1,,70020,0.3,183
Black,2005,8.2,,34316,0.73,122
Haider,2014,8.1,,52522,0.9,160
Jab We Met,2007,7.9,,50577,0.41,138
Bhaag Milkha Bhaag,2013,8.2,,65172,1.63,186
Drishyam,2013,8.3,,38520,,160
Barfi!,2012,8.1,,79222,2.8,151
La Grande Illusion,1937,8.1,,35512,0.17,113
Tae Guk Gi: The Brotherhood of War,2004,8.0,64,38987,1.11,140
Hindi Medium,2017,7.9,,26400,,132
Udta Punjab,2016,7.8,,29049,,148
Andaz Apna Apna,1994,8.1,,51900,,160
A Wednesday,2008,8.1,,76704,,104
English Vinglish,2012,7.8,,35206,1.67,134
Sanjuro,1962,8.1,,36891,,96
OMG: Oh My God!,2012,8.1,,55658,0.92,125
C.R.A.Z.Y.,2005,7.9,81,32118,,129
The Circus,1928,8.1,90,32484,,72
Zelig,1983,7.7,,41292,11.8,79
Knockin' on Heaven's Door,1997,7.9,,29153,0.0,87
A Night at the Opera,1935,7.9,,31990,2.54,96
Dev.D,2009,8.0,,29954,0.01,144
Chak De! India,2007,8.2,68,77775,1.11,153
Airlift,2016,8.0,,55419,,130
Vicky Donor,2012,7.8,,41782,0.17,126
Munna Bhai M.B.B.S.,2003,8.1,,78414,,156
The Edge of Heaven,2007,7.8,85,31629,0.74,122
G.O.R.A.,2004,8.0,,60133,,127
"Carry On, Munna Bhai",2006,8.1,,45507,2.22,144
Paan Singh Tomar,2012,8.2,,35131,0.04,135
Kai Po Che,2013,7.8,40,35575,1.12,120
Udaan,2010,8.2,,44108,0.01,134
The Breath,2009,8.0,,32963,,128
Anand,1971,8.2,,32990,,122
Vizontele,2001,8.0,,35435,,110
